filename,Noise,Zipper,Positioning,Banding,Motion,Contrast,Distortion
LISA_0001_LF_axi.nii.gz,0,0,0,0,0,0,0
LISA_0001_LF_cor.nii.gz,0,0,0,0,0,0,0
LISA_0001_LF_sag.nii.gz,0,0,0,0,0,0,1
LISA_0002_LF_axi.nii.gz,0,0,0,0,0,0,0
LISA_0002_LF_cor.nii.gz,0,0,0,0,0,0,2
LISA_0002_LF_sag.nii.gz,1,0,0,0,0,0,0
LISA_0003_LF_axi.nii.gz,0,0,0,0,0,1,0
LISA_0003_LF_cor.nii.gz,0,0,0,0,1,0,0
LISA_0003_LF_sag.nii.gz,1,2,0,0,0,0,1
LISA_0004_LF_axi.nii.gz,0,0,0,0,1,0,0
LISA_0004_LF_cor.nii.gz,0,0,0,0,1,1,2
LISA_0004_LF_sag.nii.gz,1,1,0,0,0,0,1
LISA_0005_LF_axi.nii.gz,0,0,0,0,1,0,0
LISA_0005_LF_cor.nii.gz,0,0,0,0,0,0,1
LISA_0005_LF_sag.nii.gz,0,1,1,0,0,0,1
LISA_0006_LF_axi.nii.gz,0,0,0,0,0,0,0
LISA_0006_LF_cor.nii.gz,0,0,0,0,0,0,0
LISA_0006_LF_sag.nii.gz,0,1,0,0,0,0,0
LISA_0007_LF_axi.nii.gz,0,0,0,0,0,0,0
LISA_0007_LF_cor.nii.gz,0,0,1,0,0,0,0
LISA_0007_LF_sag.nii.gz,0,0,0,0,0,0,0
LISA_0008_LF_axi.nii.gz,0,0,0,0,1,0,0
LISA_0008_LF_cor.nii.gz,0,0,0,0,0,0,1
LISA_0008_LF_sag.nii.gz,1,1,0,0,1,0,0
LISA_0009_LF_axi.nii.gz,0,0,1,0,0,0,0
LISA_0009_LF_cor.nii.gz,0,0,1,0,0,0,2
LISA_0009_LF_sag.nii.gz,1,0,1,0,1,0,0
LISA_0010_LF_axi.nii.gz,0,0,0,0,1,0,0
LISA_0010_LF_cor.nii.gz,0,0,0,0,0,0,0
LISA_0010_LF_sag.nii.gz,1,0,1,0,0,0,0
LISA_0011_LF_axi.nii.gz,0,0,0,0,2,2,0
LISA_0011_LF_cor.nii.gz,0,0,2,0,1,0,1
LISA_0011_LF_sag.nii.gz,0,1,0,0,2,2,1
LISA_0012_LF_axi.nii.gz,0,0,0,0,1,1,0
LISA_0012_LF_cor.nii.gz,0,0,0,0,0,0,0
LISA_0012_LF_sag.nii.gz,0,2,0,0,0,1,0
LISA_0013_LF_axi.nii.gz,0,0,0,0,0,0,0
LISA_0013_LF_cor.nii.gz,0,0,0,0,0,0,0
LISA_0013_LF_sag.nii.gz,1,1,0,0,0,0,0
LISA_0014_LF_axi.nii.gz,0,0,0,0,1,1,0
LISA_0014_LF_cor.nii.gz,0,0,0,0,1,0,1
LISA_0014_LF_sag.nii.gz,1,1,0,0,1,0,0
LISA_0015_LF_axi.nii.gz,1,0,0,1,0,1,0
LISA_0015_LF_cor.nii.gz,0,0,0,0,0,0,0
LISA_0015_LF_sag.nii.gz,0,1,0,0,0,0,1
LISA_0016_LF_axi.nii.gz,0,0,0,0,0,1,0
LISA_0016_LF_cor.nii.gz,0,0,0,0,0,0,0
LISA_0016_LF_sag.nii.gz,0,1,0,0,0,0,0
LISA_0017_LF_axi.nii.gz,0,0,0,0,1,0,0
LISA_0017_LF_cor.nii.gz,0,0,0,0,1,0,0
LISA_0017_LF_sag.nii.gz,0,1,0,0,0,0,0
LISA_0018_LF_axi.nii.gz,0,0,0,0,0,0,0
LISA_0018_LF_cor.nii.gz,0,0,0,0,0,0,0
LISA_0018_LF_sag.nii.gz,0,0,0,0,0,0,0
LISA_0019_LF_axi.nii.gz,0,0,0,0,0,1,0
LISA_0019_LF_cor.nii.gz,0,0,0,0,0,0,0
LISA_0019_LF_sag.nii.gz,0,1,0,0,0,0,0
LISA_0020_LF_axi.nii.gz,0,0,0,0,1,1,0
LISA_0020_LF_cor.nii.gz,0,0,0,0,0,0,0
LISA_0020_LF_sag.nii.gz,0,2,0,0,1,0,0
LISA_0021_LF_axi.nii.gz,0,0,0,0,0,0,0
LISA_0021_LF_cor.nii.gz,0,0,1,0,0,0,0
LISA_0021_LF_sag.nii.gz,0,1,0,0,0,0,0
LISA_0022_LF_axi.nii.gz,0,0,0,0,1,1,0
LISA_0022_LF_cor.nii.gz,0,0,0,0,1,0,0
LISA_0022_LF_sag.nii.gz,0,1,0,0,0,1,2
LISA_0023_LF_axi.nii.gz,0,0,0,0,1,0,0
LISA_0023_LF_cor.nii.gz,0,0,0,0,0,0,0
LISA_0023_LF_sag.nii.gz,0,0,0,0,1,0,0
LISA_0024_LF_axi.nii.gz,0,0,0,0,0,1,1
LISA_0024_LF_cor.nii.gz,0,0,0,0,1,0,0
LISA_0024_LF_sag.nii.gz,0,2,0,2,0,1,1
LISA_0025_LF_axi.nii.gz,0,0,0,0,0,1,0
LISA_0025_LF_cor.nii.gz,0,0,0,0,1,0,0
LISA_0025_LF_sag.nii.gz,0,1,0,0,0,0,1
LISA_0026_LF_axi.nii.gz,0,0,0,0,1,0,0
LISA_0026_LF_cor.nii.gz,0,0,0,0,0,0,0
LISA_0026_LF_sag.nii.gz,0,0,0,0,1,0,1
LISA_0027_LF_axi.nii.gz,0,0,0,0,1,0,0
LISA_0027_LF_cor.nii.gz,0,0,0,0,0,0,0
LISA_0027_LF_sag.nii.gz,1,1,0,0,0,0,0
LISA_0028_LF_axi.nii.gz,0,0,0,0,1,1,0
LISA_0028_LF_cor.nii.gz,1,1,0,0,0,0,0
LISA_0028_LF_sag.nii.gz,0,1,0,0,1,1,0
LISA_0029_LF_axi.nii.gz,0,0,0,0,1,0,0
LISA_0029_LF_cor.nii.gz,0,0,0,0,0,0,1
LISA_0029_LF_sag.nii.gz,0,1,0,0,0,0,0
LISA_0030_LF_axi.nii.gz,0,0,1,0,0,0,0
LISA_0030_LF_cor.nii.gz,0,0,1,0,0,0,0
LISA_0030_LF_sag.nii.gz,0,0,0,0,1,0,0
LISA_0031_LF_axi.nii.gz,0,0,0,0,1,0,0
LISA_0031_LF_cor.nii.gz,0,0,0,0,0,0,0
LISA_0031_LF_sag.nii.gz,1,0,0,0,0,0,0
LISA_0032_LF_axi.nii.gz,0,0,0,0,1,1,0
LISA_0032_LF_cor.nii.gz,0,0,0,0,0,1,0
LISA_0032_LF_sag.nii.gz,0,1,0,1,1,1,0
LISA_0033_LF_axi.nii.gz,0,0,0,0,0,0,0
LISA_0033_LF_cor.nii.gz,0,0,0,0,2,0,0
LISA_0033_LF_sag.nii.gz,0,2,0,0,0,0,0
LISA_0034_LF_axi.nii.gz,0,0,0,0,0,0,0
LISA_0034_LF_cor.nii.gz,0,0,0,0,0,0,0
LISA_0034_LF_sag.nii.gz,0,1,0,0,0,0,0
LISA_0035_LF_axi.nii.gz,0,0,0,0,2,0,0
LISA_0035_LF_cor.nii.gz,0,0,2,0,1,0,0
LISA_0035_LF_sag.nii.gz,0,0,0,0,0,0,0
LISA_0036_LF_axi.nii.gz,0,0,0,0,0,1,0
LISA_0036_LF_cor.nii.gz,0,0,0,0,0,1,1
LISA_0036_LF_sag.nii.gz,0,1,0,0,0,1,0
LISA_0037_LF_axi.nii.gz,0,0,0,0,0,1,0
LISA_0037_LF_cor.nii.gz,0,0,2,0,0,0,0
LISA_0037_LF_sag.nii.gz,0,2,1,0,0,1,2
LISA_0038_LF_axi.nii.gz,0,0,0,0,0,0,0
LISA_0038_LF_cor.nii.gz,0,0,0,0,0,0,0
LISA_0038_LF_sag.nii.gz,0,0,0,0,0,0,0
LISA_0039_LF_axi.nii.gz,0,0,0,0,1,0,0
LISA_0039_LF_cor.nii.gz,0,0,0,0,0,0,0
LISA_0039_LF_sag.nii.gz,0,0,0,0,0,0,0
LISA_0040_LF_axi.nii.gz,0,0,0,0,0,0,0
LISA_0040_LF_cor.nii.gz,0,0,0,0,0,0,0
LISA_0040_LF_sag.nii.gz,0,0,0,0,0,0,0
LISA_0041_LF_axi.nii.gz,0,0,2,0,0,1,1
LISA_0041_LF_cor.nii.gz,0,0,2,0,0,0,0
LISA_0041_LF_sag.nii.gz,0,0,2,0,1,0,1
LISA_0042_LF_axi.nii.gz,0,0,0,0,0,1,0
LISA_0042_LF_cor.nii.gz,0,0,2,0,0,0,0
LISA_0042_LF_sag.nii.gz,0,1,0,0,1,0,0
LISA_0043_LF_axi.nii.gz,0,0,0,0,0,1,0
LISA_0043_LF_cor.nii.gz,0,0,0,0,0,0,1
LISA_0043_LF_sag.nii.gz,0,1,0,0,0,0,1
LISA_0044_LF_axi.nii.gz,0,0,0,0,0,1,0
LISA_0044_LF_cor.nii.gz,0,0,1,0,0,0,0
LISA_0044_LF_sag.nii.gz,0,1,0,0,0,0,0
LISA_0045_LF_axi.nii.gz,0,0,0,0,0,0,0
LISA_0045_LF_cor.nii.gz,1,0,0,1,0,0,0
LISA_0045_LF_sag.nii.gz,0,0,0,0,1,0,0
LISA_0046_LF_axi.nii.gz,0,0,0,0,0,0,0
LISA_0046_LF_cor.nii.gz,0,0,0,0,0,0,0
LISA_0046_LF_sag.nii.gz,1,1,0,0,0,0,0
LISA_0047_LF_axi.nii.gz,0,0,0,0,0,0,0
LISA_0047_LF_cor.nii.gz,0,0,0,0,0,0,0
LISA_0047_LF_sag.nii.gz,1,1,0,0,0,0,0
LISA_0048_LF_axi.nii.gz,0,0,0,0,0,1,0
LISA_0048_LF_cor.nii.gz,0,0,0,0,0,0,0
LISA_0048_LF_sag.nii.gz,0,1,0,0,0,1,1
LISA_0049_LF_axi.nii.gz,0,0,0,0,1,0,0
LISA_0049_LF_cor.nii.gz,0,0,0,0,1,0,0
LISA_0049_LF_sag.nii.gz,0,1,0,0,0,0,0
LISA_0050_LF_axi.nii.gz,0,0,0,0,0,0,0
LISA_0050_LF_cor.nii.gz,0,1,0,0,0,0,0
LISA_0050_LF_sag.nii.gz,0,0,0,0,0,0,0
LISA_0051_LF_axi.nii.gz,0,1,0,0,1,0,0
LISA_0051_LF_cor.nii.gz,0,0,0,0,0,0,0
LISA_0051_LF_sag.nii.gz,1,1,0,0,1,0,0
LISA_0052_LF_axi.nii.gz,0,1,0,0,0,1,1
LISA_0052_LF_cor.nii.gz,0,0,0,0,0,0,0
LISA_0052_LF_sag.nii.gz,0,1,0,0,0,1,1
LISA_0053_LF_axi.nii.gz,0,0,0,0,1,0,0
LISA_0053_LF_cor.nii.gz,0,0,0,0,0,0,0
LISA_0053_LF_sag.nii.gz,0,1,0,0,0,0,1
LISA_0054_LF_axi.nii.gz,0,0,0,0,1,1,0
LISA_0054_LF_cor.nii.gz,0,0,0,0,0,0,0
LISA_0054_LF_sag.nii.gz,0,1,0,0,0,1,2
LISA_0055_LF_axi.nii.gz,0,0,0,0,0,0,0
LISA_0055_LF_cor.nii.gz,0,0,2,0,0,1,0
LISA_0055_LF_sag.nii.gz,0,1,1,0,0,1,0
LISA_0056_LF_axi.nii.gz,0,1,0,0,0,1,0
LISA_0056_LF_cor.nii.gz,0,0,0,0,0,1,0
LISA_0056_LF_sag.nii.gz,0,0,0,0,0,1,0
LISA_0057_LF_axi.nii.gz,0,0,1,0,1,0,0
LISA_0057_LF_cor.nii.gz,0,0,1,0,0,0,0
LISA_0057_LF_sag.nii.gz,0,0,0,0,0,0,1
LISA_0058_LF_axi.nii.gz,0,0,0,0,0,1,1
LISA_0058_LF_cor.nii.gz,0,0,1,0,0,0,0
LISA_0058_LF_sag.nii.gz,0,0,0,0,1,0,0
LISA_0059_LF_axi.nii.gz,0,0,0,0,1,0,0
LISA_0059_LF_cor.nii.gz,0,0,0,0,0,0,0
LISA_0059_LF_sag.nii.gz,1,1,0,0,0,0,0
LISA_0060_LF_axi.nii.gz,0,0,0,0,0,0,0
LISA_0060_LF_cor.nii.gz,0,0,0,0,0,0,0
LISA_0060_LF_sag.nii.gz,0,0,0,0,0,0,0
LISA_0061_LF_axi.nii.gz,0,0,0,0,0,0,0
LISA_0061_LF_cor.nii.gz,0,0,0,0,0,0,0
LISA_0061_LF_sag.nii.gz,1,1,0,0,0,0,0
LISA_0062_LF_axi.nii.gz,0,0,1,0,0,1,1
LISA_0062_LF_cor.nii.gz,0,0,1,0,2,1,0
LISA_0062_LF_sag.nii.gz,0,0,0,0,0,0,1
LISA_0063_LF_axi.nii.gz,0,0,0,0,0,0,1
LISA_0063_LF_cor.nii.gz,0,0,1,0,0,0,0
LISA_0063_LF_sag.nii.gz,0,1,0,0,0,0,1
LISA_0064_LF_axi.nii.gz,0,0,0,0,0,1,0
LISA_0064_LF_cor.nii.gz,0,0,1,0,2,1,0
LISA_0064_LF_sag.nii.gz,0,1,1,0,2,1,0
LISA_0065_LF_axi.nii.gz,0,0,0,0,1,1,1
LISA_0065_LF_cor.nii.gz,0,0,2,0,0,0,0
LISA_0065_LF_sag.nii.gz,0,1,1,0,1,0,1
LISA_0066_LF_axi.nii.gz,0,0,1,0,0,0,1
LISA_0066_LF_cor.nii.gz,0,0,1,0,0,0,0
LISA_0066_LF_sag.nii.gz,0,0,0,0,0,0,1
LISA_0067_LF_axi.nii.gz,0,0,0,0,0,0,1
LISA_0067_LF_cor.nii.gz,0,0,1,0,2,1,0
LISA_0067_LF_sag.nii.gz,0,1,0,0,0,0,1
LISA_0068_LF_axi.nii.gz,0,0,0,0,0,1,1
LISA_0068_LF_cor.nii.gz,0,0,1,0,0,0,1
LISA_0068_LF_sag.nii.gz,0,0,1,0,0,0,1
LISA_0069_LF_axi.nii.gz,0,0,0,0,1,2,0
LISA_0069_LF_cor.nii.gz,0,1,0,0,1,1,0
LISA_0069_LF_sag.nii.gz,0,2,1,0,2,1,0
LISA_0070_LF_axi.nii.gz,0,0,0,0,0,1,0
LISA_0070_LF_cor.nii.gz,0,0,1,0,0,0,1
LISA_0070_LF_sag.nii.gz,0,1,0,0,0,0,0
LISA_0071_LF_axi.nii.gz,0,0,0,0,0,1,1
LISA_0071_LF_cor.nii.gz,0,0,0,0,1,0,0
LISA_0071_LF_sag.nii.gz,0,1,0,0,0,0,1
LISA_0072_LF_axi.nii.gz,0,0,0,0,0,1,0
LISA_0072_LF_cor.nii.gz,0,0,0,0,0,0,0
LISA_0072_LF_sag.nii.gz,0,2,0,0,0,0,1
LISA_0073_LF_axi.nii.gz,0,0,0,0,0,1,1
LISA_0073_LF_cor.nii.gz,0,0,0,0,0,0,0
LISA_0073_LF_sag.nii.gz,0,1,0,0,0,0,0
LISA_0074_LF_axi.nii.gz,0,0,0,0,0,1,1
LISA_0074_LF_cor.nii.gz,0,0,0,0,0,1,1
LISA_0074_LF_sag.nii.gz,0,1,0,0,0,1,1
LISA_0075_LF_axi.nii.gz,0,0,0,0,0,1,1
LISA_0075_LF_cor.nii.gz,0,1,0,0,2,0,0
LISA_0075_LF_sag.nii.gz,0,1,0,0,0,0,1
LISA_0076_LF_axi.nii.gz,0,0,0,0,0,1,0
LISA_0076_LF_cor.nii.gz,0,1,0,0,0,0,1
LISA_0076_LF_sag.nii.gz,0,0,0,1,1,0,0
LISA_0077_LF_axi.nii.gz,0,0,0,0,2,1,0
LISA_0077_LF_cor.nii.gz,0,0,0,0,0,0,0
LISA_0077_LF_sag.nii.gz,0,1,0,0,1,0,0
LISA_0078_LF_axi.nii.gz,0,0,1,0,0,1,1
LISA_0078_LF_cor.nii.gz,0,0,2,0,1,0,0
LISA_0078_LF_sag.nii.gz,0,1,1,1,0,1,1
LISA_0079_LF_axi.nii.gz,0,1,0,0,2,1,0
LISA_0079_LF_cor.nii.gz,0,0,0,0,2,0,0
LISA_0079_LF_sag.nii.gz,0,1,0,0,1,0,1
LISA_0080_LF_axi.nii.gz,0,1,0,0,1,1,0
LISA_0080_LF_cor.nii.gz,0,1,0,0,2,1,1
LISA_0080_LF_sag.nii.gz,0,1,0,0,2,1,1
LISA_0081_LF_axi.nii.gz,0,0,0,0,0,0,0
LISA_0081_LF_cor.nii.gz,0,0,0,0,0,0,0
LISA_0081_LF_sag.nii.gz,0,1,0,0,0,0,1
LISA_0082_LF_axi.nii.gz,0,1,0,0,1,1,1
LISA_0082_LF_cor.nii.gz,0,0,0,0,0,0,1
LISA_0082_LF_sag.nii.gz,0,1,0,0,1,1,1
LISA_0083_LF_axi.nii.gz,0,2,0,1,2,1,0
LISA_0083_LF_cor.nii.gz,0,0,0,0,2,0,0
LISA_0083_LF_sag.nii.gz,0,2,0,0,2,1,1
LISA_0084_LF_axi.nii.gz,0,0,0,0,0,1,0
LISA_0084_LF_cor.nii.gz,0,0,0,0,0,0,0
LISA_0084_LF_sag.nii.gz,0,1,0,0,0,0,2
LISA_0085_LF_axi.nii.gz,0,0,0,1,0,1,2
LISA_0085_LF_cor.nii.gz,0,0,0,0,0,1,2
LISA_0085_LF_sag.nii.gz,0,1,1,0,0,0,2
LISA_0086_LF_axi.nii.gz,0,0,0,0,0,1,0
LISA_0086_LF_cor.nii.gz,0,0,0,0,0,0,0
LISA_0086_LF_sag.nii.gz,0,2,0,0,0,0,0
LISA_0087_LF_axi.nii.gz,0,0,0,0,0,1,0
LISA_0087_LF_cor.nii.gz,0,0,0,0,0,0,0
LISA_0087_LF_sag.nii.gz,0,1,0,0,1,0,0
LISA_0088_LF_axi.nii.gz,0,0,0,0,0,1,0
LISA_0088_LF_cor.nii.gz,0,0,0,0,0,0,1
LISA_0088_LF_sag.nii.gz,0,1,0,0,0,0,1
LISA_0089_LF_axi.nii.gz,0,0,0,1,0,1,0
LISA_0089_LF_cor.nii.gz,0,0,0,0,2,1,1
LISA_0089_LF_sag.nii.gz,0,0,0,0,2,1,1
LISA_0090_LF_axi.nii.gz,0,0,0,0,0,1,0
LISA_0090_LF_cor.nii.gz,0,0,0,0,2,0,0
LISA_0090_LF_sag.nii.gz,0,2,0,0,1,0,0
LISA_0091_LF_axi.nii.gz,0,0,0,0,1,1,0
LISA_0091_LF_cor.nii.gz,0,0,2,0,2,1,0
LISA_0091_LF_sag.nii.gz,0,1,0,0,1,0,0
LISA_0092_LF_axi.nii.gz,0,0,0,0,0,1,1
LISA_0092_LF_cor.nii.gz,0,0,0,0,0,0,1
LISA_0092_LF_sag.nii.gz,0,1,0,0,0,0,1
LISA_0093_LF_axi.nii.gz,0,1,0,0,0,0,1
LISA_0093_LF_cor.nii.gz,0,0,0,0,1,0,1
LISA_0093_LF_sag.nii.gz,0,1,0,0,0,0,0
LISA_0094_LF_axi.nii.gz,0,0,0,0,0,0,1
LISA_0094_LF_cor.nii.gz,0,0,1,0,0,0,0
LISA_0094_LF_sag.nii.gz,0,1,0,0,0,0,1
LISA_0095_LF_axi.nii.gz,0,0,0,0,1,1,0
LISA_0095_LF_cor.nii.gz,0,0,0,0,0,0,0
LISA_0095_LF_sag.nii.gz,0,1,0,0,0,1,0
LISA_0096_LF_axi.nii.gz,0,0,0,0,1,0,0
LISA_0096_LF_cor.nii.gz,1,0,0,0,0,0,0
LISA_0096_LF_sag.nii.gz,0,0,0,0,0,0,0
LISA_1001_LF_axi.nii.gz,2,1,0,0,0,0,0
LISA_1001_LF_cor.nii.gz,2,1,0,0,0,0,0
LISA_1001_LF_sag.nii.gz,1,0,0,0,0,2,1
LISA_1002_LF_axi.nii.gz,1,0,0,0,0,0,0
LISA_1002_LF_cor.nii.gz,1,0,0,0,0,0,0
LISA_1002_LF_sag.nii.gz,1,1,0,0,1,1,0
LISA_1003_LF_axi.nii.gz,2,1,0,0,0,1,0
LISA_1003_LF_cor.nii.gz,1,1,0,0,0,1,0
LISA_1003_LF_sag.nii.gz,1,1,0,0,0,1,0
LISA_1004_LF_axi.nii.gz,0,0,0,0,0,1,0
LISA_1004_LF_cor.nii.gz,0,1,0,0,2,1,0
LISA_1004_LF_sag.nii.gz,0,0,0,0,0,0,0
LISA_1005_LF_axi.nii.gz,0,0,0,0,0,1,0
LISA_1005_LF_cor.nii.gz,0,1,0,0,0,0,0
LISA_1005_LF_sag.nii.gz,0,1,0,0,0,1,0
LISA_1006_LF_axi.nii.gz,0,0,0,0,0,1,0
LISA_1006_LF_cor.nii.gz,0,0,0,0,0,0,0
LISA_1006_LF_sag.nii.gz,0,0,0,0,0,0,0
LISA_1007_LF_axi.nii.gz,0,1,0,0,0,1,0
LISA_1007_LF_cor.nii.gz,0,0,0,0,0,0,0
LISA_1007_LF_sag.nii.gz,0,0,0,0,0,0,0
LISA_1008_LF_axi.nii.gz,0,0,0,0,0,1,0
LISA_1008_LF_cor.nii.gz,0,0,0,0,0,0,0
LISA_1008_LF_sag.nii.gz,0,0,0,0,0,1,0
LISA_1009_LF_axi.nii.gz,0,0,0,0,0,1,0
LISA_1009_LF_cor.nii.gz,0,0,0,0,1,0,0
LISA_1009_LF_sag.nii.gz,0,0,0,0,0,0,0
LISA_1010_LF_axi.nii.gz,0,0,0,0,0,1,0
LISA_1010_LF_cor.nii.gz,0,1,0,0,1,1,0
LISA_1010_LF_sag.nii.gz,0,0,0,0,0,1,0
LISA_1011_LF_axi.nii.gz,0,0,0,0,0,0,0
LISA_1011_LF_cor.nii.gz,0,0,0,0,0,0,0
LISA_1011_LF_sag.nii.gz,0,0,0,0,0,0,0
LISA_1012_LF_axi.nii.gz,0,0,0,0,1,1,0
LISA_1012_LF_cor.nii.gz,0,0,0,0,1,1,0
LISA_1012_LF_sag.nii.gz,1,0,0,0,2,1,0
LISA_1013_LF_axi.nii.gz,0,0,0,0,0,0,0
LISA_1013_LF_cor.nii.gz,0,0,0,0,0,1,0
LISA_1013_LF_sag.nii.gz,1,0,1,0,2,2,0
LISA_1014_LF_axi.nii.gz,0,0,0,0,1,1,0
LISA_1014_LF_cor.nii.gz,0,0,0,0,0,0,0
LISA_1014_LF_sag.nii.gz,0,0,0,0,0,0,0
LISA_1015_LF_axi.nii.gz,0,0,0,0,0,1,0
LISA_1015_LF_cor.nii.gz,0,0,0,0,1,0,0
LISA_1015_LF_sag.nii.gz,0,0,0,0,0,0,0
LISA_1016_LF_axi.nii.gz,0,0,0,0,2,1,0
LISA_1016_LF_cor.nii.gz,0,0,0,0,0,0,0
LISA_1016_LF_sag.nii.gz,0,0,0,0,0,1,0
LISA_1017_LF_axi.nii.gz,2,0,0,0,0,1,0
LISA_1017_LF_cor.nii.gz,2,1,0,0,1,1,0
LISA_1017_LF_sag.nii.gz,2,1,0,0,2,1,0
LISA_1018_LF_axi.nii.gz,2,1,0,0,0,1,0
LISA_1018_LF_cor.nii.gz,2,1,0,0,0,1,0
LISA_1018_LF_sag.nii.gz,2,1,0,0,0,1,0
LISA_1019_LF_axi.nii.gz,2,1,0,0,0,1,0
LISA_1019_LF_cor.nii.gz,2,1,0,0,0,2,0
LISA_1019_LF_sag.nii.gz,2,1,0,0,0,1,0
LISA_1020_LF_axi.nii.gz,0,0,0,0,0,0,0
LISA_1020_LF_cor.nii.gz,0,0,0,0,0,0,0
LISA_1020_LF_sag.nii.gz,0,0,0,0,0,1,0
LISA_1021_LF_axi.nii.gz,2,1,0,0,0,1,0
LISA_1021_LF_cor.nii.gz,2,0,0,0,2,1,0
LISA_1021_LF_sag.nii.gz,2,0,0,0,1,1,0
LISA_1022_LF_axi.nii.gz,0,0,0,0,0,0,0
LISA_1022_LF_cor.nii.gz,0,0,0,0,0,0,0
LISA_1022_LF_sag.nii.gz,0,0,0,0,0,0,0
LISA_1023_LF_axi.nii.gz,0,1,1,0,0,0,0
LISA_1023_LF_cor.nii.gz,0,1,0,0,0,0,0
LISA_1023_LF_sag.nii.gz,0,0,0,0,0,0,0
LISA_1024_LF_axi.nii.gz,0,0,0,0,0,0,0
LISA_1024_LF_cor.nii.gz,0,0,0,0,1,0,0
LISA_1024_LF_sag.nii.gz,0,0,0,0,0,0,0
LISA_1025_LF_axi.nii.gz,0,0,0,0,0,0,0
LISA_1025_LF_cor.nii.gz,0,0,0,0,0,0,0
LISA_1025_LF_sag.nii.gz,0,1,0,0,0,0,0
LISA_1026_LF_axi.nii.gz,0,1,0,0,0,0,0
LISA_1026_LF_cor.nii.gz,0,0,0,0,0,0,0
LISA_1026_LF_sag.nii.gz,0,0,0,0,0,0,0
LISA_1027_LF_axi.nii.gz,0,0,0,0,0,0,0
LISA_1027_LF_cor.nii.gz,0,0,0,0,0,0,0
LISA_1027_LF_sag.nii.gz,0,1,0,0,0,0,0
LISA_1028_LF_axi.nii.gz,0,0,0,0,0,0,0
LISA_1028_LF_cor.nii.gz,0,0,0,0,0,0,0
LISA_1028_LF_sag.nii.gz,0,0,0,0,0,0,0
LISA_1029_LF_axi.nii.gz,0,0,0,0,0,0,0
LISA_1029_LF_cor.nii.gz,0,0,0,0,0,0,0
LISA_1029_LF_sag.nii.gz,0,1,0,0,0,0,0
LISA_1030_LF_axi.nii.gz,0,0,0,0,0,0,0
LISA_1030_LF_cor.nii.gz,0,0,0,0,0,0,0
LISA_1030_LF_sag.nii.gz,0,0,0,0,0,0,0
LISA_1031_LF_axi.nii.gz,0,1,0,0,0,0,0
LISA_1031_LF_cor.nii.gz,0,0,0,0,0,0,0
LISA_1031_LF_sag.nii.gz,0,1,0,0,0,0,0
LISA_1032_LF_axi.nii.gz,0,0,0,0,0,0,0
LISA_1032_LF_cor.nii.gz,1,0,0,0,0,0,0
LISA_1032_LF_sag.nii.gz,0,1,0,0,0,0,0
LISA_1033_LF_axi.nii.gz,0,0,0,0,0,0,0
LISA_1033_LF_cor.nii.gz,0,0,0,0,1,0,0
LISA_1033_LF_sag.nii.gz,0,0,0,0,0,0,0
LISA_1034_LF_axi.nii.gz,0,0,0,0,0,1,0
LISA_1034_LF_cor.nii.gz,0,0,0,0,0,0,0
LISA_1034_LF_sag.nii.gz,0,0,0,0,0,0,0
LISA_1035_LF_axi.nii.gz,0,0,0,0,0,1,0
LISA_1035_LF_cor.nii.gz,0,0,0,0,0,0,0
LISA_1035_LF_sag.nii.gz,0,0,0,0,0,1,0
LISA_1036_LF_axi.nii.gz,0,0,0,0,0,1,0
LISA_1036_LF_cor.nii.gz,0,0,0,0,2,0,0
LISA_1036_LF_sag.nii.gz,0,1,0,0,0,0,0
LISA_1037_LF_axi.nii.gz,0,0,0,0,0,1,0
LISA_1037_LF_cor.nii.gz,0,0,0,0,0,0,0
LISA_1037_LF_sag.nii.gz,0,1,0,0,0,0,0
LISA_1038_LF_axi.nii.gz,0,0,0,0,0,0,0
LISA_1038_LF_cor.nii.gz,0,0,1,0,0,0,0
LISA_1038_LF_sag.nii.gz,0,0,1,0,0,0,0
LISA_1039_LF_axi.nii.gz,0,0,0,0,0,1,0
LISA_1039_LF_cor.nii.gz,0,0,0,0,0,0,0
LISA_1039_LF_sag.nii.gz,0,0,0,0,0,0,0
LISA_1040_LF_axi.nii.gz,0,0,0,0,0,1,0
LISA_1040_LF_cor.nii.gz,0,0,0,0,0,0,0
LISA_1040_LF_sag.nii.gz,0,0,0,0,0,0,0
LISA_1041_LF_axi.nii.gz,2,0,0,0,0,0,0
LISA_1041_LF_cor.nii.gz,0,0,1,0,0,0,0
LISA_1041_LF_sag.nii.gz,1,0,0,0,0,0,1
LISA_1042_LF_axi.nii.gz,0,0,2,0,1,1,1
LISA_1042_LF_cor.nii.gz,0,0,1,0,1,0,0
LISA_1042_LF_sag.nii.gz,0,0,0,0,0,1,0
LISA_1043_LF_axi.nii.gz,0,0,0,0,0,0,0
LISA_1043_LF_cor.nii.gz,0,0,0,0,0,0,0
LISA_1043_LF_sag.nii.gz,0,1,0,0,0,0,0
LISA_1044_LF_axi.nii.gz,0,0,0,0,2,1,0
LISA_1044_LF_cor.nii.gz,0,0,0,0,0,0,0
LISA_1044_LF_sag.nii.gz,0,1,0,0,0,0,0
LISA_1045_LF_axi.nii.gz,0,0,0,0,1,0,0
LISA_1045_LF_cor.nii.gz,0,0,0,0,0,0,0
LISA_1045_LF_sag.nii.gz,1,0,0,0,2,1,0
LISA_1046_LF_axi.nii.gz,0,0,0,0,0,0,0
LISA_1046_LF_cor.nii.gz,0,0,0,0,0,0,0
LISA_1046_LF_sag.nii.gz,0,0,0,0,0,0,0
LISA_1047_LF_axi.nii.gz,0,0,0,0,0,0,0
LISA_1047_LF_cor.nii.gz,0,0,0,0,0,0,0
LISA_1047_LF_sag.nii.gz,0,1,0,0,1,0,0
LISA_1048_LF_axi.nii.gz,0,0,0,0,0,0,0
LISA_1048_LF_cor.nii.gz,0,0,0,0,0,0,0
LISA_1048_LF_sag.nii.gz,0,0,0,0,0,0,0
LISA_2001_LF_sag.nii.gz,1,1,1,0,2,1,1
LISA_2002_LF_cor.nii.gz,0,0,0,0,2,1,0
LISA_2003_LF_axi.nii.gz,0,2,0,1,0,0,1
LISA_2004_LF_cor.nii.gz,0,0,0,0,0,0,2
LISA_2005_LF_sag.nii.gz,0,0,0,2,0,0,0
LISA_2006_LF_axi.nii.gz,1,1,2,0,0,0,0
LISA_2007_LF_axi.nii.gz,0,0,0,0,2,0,0
LISA_2008_LF_sag.nii.gz,1,1,0,0,2,1,0
LISA_2009_LF_cor.nii.gz,0,0,2,0,2,1,2
LISA_2010_LF_cor.nii.gz,0,0,0,0,2,0,2
LISA_2011_LF_cor.nii.gz,2,0,0,0,0,2,2
LISA_2012_LF_sag.nii.gz,0,2,0,2,0,0,2
LISA_2013_LF_sag.nii.gz,0,2,0,0,0,0,2
LISA_2014_LF_cor.nii.gz,1,2,0,0,0,0,0
LISA_2015_LF_axi.nii.gz,2,0,0,0,0,2,2
LISA_2016_LF_cor.nii.gz,0,0,0,2,0,0,2
LISA_2017_LF_cor.nii.gz,2,1,0,0,0,0,0
LISA_2018_LF_cor.nii.gz,1,0,0,0,2,2,2
LISA_2019_LF_axi.nii.gz,0,1,0,0,0,1,2
LISA_2020_LF_sag.nii.gz,2,1,0,0,0,2,0
LISA_2021_LF_cor.nii.gz,2,1,0,0,0,1,0
LISA_2022_LF_axi.nii.gz,2,0,1,0,0,2,2
LISA_2023_LF_axi.nii.gz,2,1,0,0,0,2,0
LISA_2024_LF_axi.nii.gz,2,1,0,0,0,2,0
LISA_2025_LF_cor.nii.gz,0,2,0,0,1,0,2
LISA_2026_LF_axi.nii.gz,2,0,2,0,0,2,0
LISA_2027_LF_axi.nii.gz,2,0,0,0,0,1,2
LISA_2028_LF_axi.nii.gz,2,0,0,0,0,2,2
LISA_2029_LF_axi.nii.gz,2,0,0,0,2,2,2
LISA_2030_LF_axi.nii.gz,0,1,2,0,0,0,2
LISA_2031_LF_cor.nii.gz,0,0,0,0,2,0,0
LISA_2032_LF_cor.nii.gz,0,0,0,0,2,2,0
LISA_2033_LF_axi.nii.gz,0,2,0,2,0,1,0
LISA_2034_LF_sag.nii.gz,0,0,0,0,2,0,1
LISA_2035_LF_sag.nii.gz,0,2,1,0,2,1,2
LISA_2036_LF_axi.nii.gz,2,2,0,0,0,0,1
LISA_2037_LF_cor.nii.gz,0,2,0,2,0,0,2
LISA_2038_LF_cor.nii.gz,2,0,0,0,1,1,0
LISA_2039_LF_axi.nii.gz,1,1,0,0,1,2,2
LISA_2040_LF_sag.nii.gz,0,0,2,0,2,1,0
LISA_2041_LF_cor.nii.gz,0,1,0,0,2,0,1
LISA_2042_LF_cor.nii.gz,1,2,0,0,2,2,2
LISA_2043_LF_axi.nii.gz,1,2,0,0,1,0,1
LISA_2044_LF_cor.nii.gz,0,2,0,2,1,1,2
LISA_2045_LF_axi.nii.gz,2,2,0,0,0,2,0
LISA_2046_LF_axi.nii.gz,2,1,0,0,0,1,0
LISA_2047_LF_sag.nii.gz,0,1,0,0,2,2,0
LISA_2048_LF_sag.nii.gz,2,2,0,0,2,2,0
LISA_2049_LF_axi.nii.gz,2,0,0,0,0,2,1
LISA_2050_LF_cor.nii.gz,0,2,0,2,1,0,2
LISA_2051_LF_cor.nii.gz,1,0,0,2,0,0,0
LISA_2052_LF_cor.nii.gz,0,2,2,0,2,0,1
LISA_2053_LF_cor.nii.gz,0,0,1,0,2,1,2
LISA_2054_LF_axi.nii.gz,2,1,0,0,0,2,0
LISA_2055_LF_sag.nii.gz,0,1,0,0,2,0,1
LISA_2056_LF_axi.nii.gz,2,0,0,0,1,2,2
LISA_2057_LF_cor.nii.gz,0,0,2,0,1,0,0
LISA_2058_LF_cor.nii.gz,2,1,0,0,1,1,2
LISA_2059_LF_cor.nii.gz,0,0,0,0,2,1,2
LISA_2060_LF_axi.nii.gz,2,1,0,0,0,2,0
LISA_2061_LF_sag.nii.gz,2,1,0,0,0,2,0
LISA_2062_LF_cor.nii.gz,0,1,0,0,2,0,1
LISA_2063_LF_cor.nii.gz,0,0,0,0,2,2,0
LISA_2064_LF_sag.nii.gz,0,0,2,0,0,0,2
LISA_2065_LF_sag.nii.gz,2,1,0,0,0,0,0
LISA_2066_LF_cor.nii.gz,1,0,0,0,2,1,1
LISA_2067_LF_axi.nii.gz,1,2,0,0,2,1,1
LISA_2068_LF_cor.nii.gz,0,2,2,0,2,1,2
LISA_2069_LF_cor.nii.gz,2,0,0,0,2,1,1
LISA_2070_LF_sag.nii.gz,0,2,0,2,0,1,2
LISA_2071_LF_sag.nii.gz,2,1,0,0,0,2,0
LISA_2072_LF_sag.nii.gz,2,1,0,0,1,1,1
LISA_2073_LF_sag.nii.gz,1,1,0,0,2,0,2
LISA_2074_LF_cor.nii.gz,0,0,0,0,2,0,0
LISA_2075_LF_cor.nii.gz,0,2,0,0,2,0,0
LISA_2076_LF_axi.nii.gz,0,1,0,0,2,1,2
LISA_2077_LF_axi.nii.gz,0,1,2,0,2,0,2
LISA_2078_LF_sag.nii.gz,0,2,0,0,0,0,0
LISA_2079_LF_cor.nii.gz,2,0,0,2,0,2,2
LISA_2080_LF_sag.nii.gz,0,0,0,0,1,0,2
LISA_2081_LF_axi.nii.gz,2,0,0,0,2,1,2
LISA_2082_LF_sag.nii.gz,0,1,0,0,2,1,2
LISA_2083_LF_sag.nii.gz,0,1,0,0,2,1,1
LISA_2084_LF_axi.nii.gz,2,1,1,0,0,1,0
LISA_2085_LF_sag.nii.gz,0,1,0,0,2,1,0
LISA_2086_LF_cor.nii.gz,2,1,0,0,0,0,0
LISA_2087_LF_sag.nii.gz,2,1,0,0,2,0,0
LISA_2088_LF_sag.nii.gz,0,2,1,0,0,0,2
LISA_2089_LF_sag.nii.gz,0,1,0,0,2,0,1
LISA_2090_LF_cor.nii.gz,0,0,1,0,2,1,1
LISA_2091_LF_axi.nii.gz,2,1,0,0,0,2,0
LISA_2092_LF_sag.nii.gz,0,1,0,0,2,1,1
LISA_2093_LF_axi.nii.gz,0,2,2,0,1,1,1
LISA_2094_LF_sag.nii.gz,0,0,0,0,2,0,2
LISA_2095_LF_cor.nii.gz,0,2,0,0,2,1,1
LISA_2096_LF_cor.nii.gz,0,0,2,0,2,1,0
LISA_2097_LF_axi.nii.gz,2,2,0,0,2,0,2
LISA_2098_LF_sag.nii.gz,2,1,2,0,0,0,0
LISA_2099_LF_axi.nii.gz,0,0,0,0,2,1,0
LISA_2100_LF_sag.nii.gz,0,1,0,2,0,0,1
